Blockgroup,Average_Income(USD)
530330001001,131601.1236
530330001002,53967.56329
530330001003,82872.80702
530330001004,38659.85577
530330001005,54125.59618
530330002001,84493.16629
530330002002,51479.40075
530330002003,60047.59239
530330002004,55213.29365
530330002005,72906.73212
530330002006,120020.4499
530330003001,93372.59101
530330003002,81443.54839
530330004011,42265.32827
530330004012,82058.38323
530330004013,38658.22785
530330004021,70348.83721
530330004022,85706.94087
530330004023,83585.30405
530330004024,106767.4564
530330005001,146346.1538
530330005002,138782.8947
530330005003,139616.7048
530330006001,88313.95349
530330006002,53088.82236
530330006003,75233.67953
530330006004,80046.2963
530330006005,99827.30263
530330006006,77007.35294
530330007001,51968.31364
530330007002,67838.64542
530330007003,115524.1935
530330007004,109387.4172
530330008001,109021.0177
530330008002,110400.5282
530330009001,150077.951
530330009002,148107.5949
530330010001,74472.60274
530330010002,105286.8852
530330011001,94191.86047
530330011002,103396.3691
530330012001,107734.9624
530330012002,65432.03883
530330012003,32279.41176
530330012004,51204.35393
530330012005,33181.81818
530330013001,77213.66995
530330013002,80234.48276
530330013003,84070.76205
530330014001,72929.56656
530330014002,97251.24378
530330014003,84391.89189
530330014004,120264.0264
530330015001,104837.9175
530330015002,130706.5217
530330016001,154575.7299
530330016002,128766.2942
530330016003,87371.70088
530330017011,80086.2069
530330017012,89866.41221
530330017013,96142.08633
530330017021,65742.4812
530330017022,76459.88806
530330017023,82605.70825
530330017024,87837.07865
530330018001,120392.5035
530330018002,88153.15315
530330018003,75419.60094
530330019001,68060.49069
530330019002,130942.7767
530330019003,103021.7391
530330020001,105911.5854
530330020002,98491.64927
530330020003,109609.1205
530330021001,112750.3794
530330021002,80592.26933
530330021003,111289.5928
530330022001,137921.0526
530330022002,130496.3235
530330022003,185148.423
530330022004,172369.6911
530330024001,148538.4615
530330024002,104307.4792
530330024003,125992.9435
530330025001,116906.1462
530330025002,117228.9157
530330026001,102553.0888
530330026002,142621.0526
530330026003,117540.0356
530330026004,100563.1868
530330027001,106614.1457
530330027002,160074.7664
530330027003,157033.8115
530330027004,145601.3746
530330028001,130492.126
530330028002,102906.3205
530330028003,99889.09427
530330028004,112248.8756
530330029001,105901.5152
530330029002,136598.2972
530330029003,120852.2727
530330030001,103531.2024
530330030002,102640.264
530330030003,92766.78141
530330030004,121762.7119
530330031001,139208.243
530330031002,110000
530330031003,92101.25448
530330031004,138294.3548
530330031005,109556.1224
530330032001,99683.33333
530330032002,86821.42857
530330032003,85763.65188
530330032004,74222.91994
530330032005,98323.75479
530330032006,104932.4324
530330032007,140541.5755
530330033001,121795.8861
530330033002,96041.18993
530330033003,105649.2537
530330033004,91433.59375
530330033005,102887.1681
530330034001,121353.1187
530330034002,120270.5061
530330034003,126806.1927
530330035001,109116.2791
530330035002,121413.5338
530330035003,94887.00565
530330036001,77536.37566
530330036002,101311.5285
530330036003,112019.7487
530330036004,83966.66667
530330038001,118273.1959
530330038002,129460.9164
530330039001,116567.8524
530330039002,171735.0746
530330040001,95492.06349
530330040002,166876.6578
530330041001,100277.2964
530330041002,182837.7193
530330041003,239601.6771
530330041004,135348.6395
530330041005,129694.5137
530330041006,195810.1045
530330042001,146205.6505
530330042002,135243.5065
530330042003,108037.9747
530330042004,155067.5676
530330042005,158633.0275
530330043011,63292.68293
530330043012,108967.2802
530330043013,146132.8125
530330043021,32981.44876
530330043022,28326.65904
530330044001,122758.216
530330044002,95503.28947
530330044003,86367.43215
530330044004,36956.06695
530330045001,83175.87209
530330045002,142105.0671
530330046001,128949.3534
530330046002,136691.9192
530330046003,144689.2265
530330047001,85914.90964
530330047002,79496.01367
530330047003,95838.35341
530330047004,81015.37646
530330048001,115848.5194
530330048002,125870.462
530330048003,87928.94281
530330048004,117038.5396
530330049001,88961.03896
530330049002,95026.88172
530330049003,114914.8148
530330049004,93065.47619
530330049005,92661.55531
530330050001,100066.2739
530330050002,112306.8182
530330050003,67833.98184
530330051001,103954.8872
530330051002,140127.2016
530330051003,135705.819
530330052001,21848.37093
530330052002,37715.96859
530330052003,96624.08759
530330052004,134986.1368
530330052005,41439.64111
530330053011,41671.42857
530330053012,26754.18216
530330053013,24727.27273
530330053014,17152.24111
530330053021,28125
530330053022,46071.42857
530330053023,0
530330054001,119951.2195
530330054002,128725.2825
530330054003,105428.5714
530330054004,82604.05257
530330056001,157722.0249
530330056002,174021.3946
530330056003,209674.1573
530330056004,187623.2394
530330056005,146970
530330057001,139110.8247
530330057002,146927.2908
530330057003,107584.8416
530330057004,129476.7442
530330057005,116372.1414
530330057006,100827.3121
530330058011,84068.5413
530330058012,72602.10396
530330058013,93859.7973
530330058014,90780.2795
530330058021,104441.5918
530330058022,88221.53575
530330058023,89461.34347
530330059001,97320.07576
530330059002,141208.8388
530330059003,75898.76033
530330059004,162707.6271
530330059005,176307.4398
530330060001,101762.7824
530330060002,151407.0352
530330060003,216698.6456
530330060004,90789.68903
530330061001,149877.4885
530330061002,123376.1905
530330061003,98428.1768
530330061004,79759.50119
530330062001,136775.5444
530330062002,173590.1639
530330062003,166634.3669
530330063001,114400.2448
530330063002,158538.206
530330063003,172747.6636
530330063004,192547.7099
530330064001,171883.2599
530330064002,201011.4504
530330064003,176077.0975
530330065001,197208.3333
530330065002,112971.5569
530330065003,118536.9955
530330066001,103059.4406
530330066002,102180.5317
530330067001,116608.6801
530330067002,92137.09677
530330067003,103215.2778
530330067004,107362.2661
530330068001,134073.0838
530330068002,129450.7803
530330069001,131798.419
530330069002,138973.2143
530330069003,112996.1089
530330069004,118729.3729
530330070001,111282.1429
530330070002,65507.17213
530330070003,92394.33643
530330070004,92761.53846
530330070005,69658.20313
530330070006,106367.6996
530330071001,78984.45092
530330071002,106427.1047
530330072001,101425.0199
530330072002,92313.1068
530330072003,73121.13003
530330073001,91434.64052
530330073002,62673.70273
530330073003,149140.7678
530330074011,91073.44633
530330074012,86232.03285
530330074013,89308.39612
530330074014,70404.56432
530330074021,78241.37931
530330074022,53061.66348
530330074023,65581.72303
530330075001,75816.27907
530330075002,87405.43735
530330075003,73872.36084
530330075004,72296.58259
530330075005,96556.80224
530330076001,110629.529
530330076002,86713.21526
530330076003,87440.39271
530330077001,127749.4692
530330077002,147547.7327
530330077003,121388.8889
530330077004,124606.9005
530330078001,198186.7589
530330078002,159340.9426
530330078003,128874.0079
530330078004,157587.8099
530330079001,99008.87574
530330079002,76184.49782
530330079003,100022.6244
530330079004,84235.86041
530330079005,72217.41638
530330080011,112651.0574
530330080012,73012.82051
530330080013,116803.653
530330080014,101971.5026
530330080015,127516
530330080021,57795.48989
530330080022,79495.90583
530330081001,124294.3381
530330081002,81015.43943
530330081003,65318.34112
530330082001,101915.5844
530330082002,76897.62151
530330082003,76140.64603
530330083001,71149.49037
530330083002,70430.40293
530330084001,50240.1537
530330084002,69301.75781
530330084003,84038.8828
530330085001,78028.16901
530330085002,39332.54344
530330085003,12384.61538
530330086001,66726.44163
530330086002,61684.45122
530330086003,44746.52087
530330087001,91503.87597
530330087002,57169.50959
530330087003,87185.69364
530330088001,117914.4385
530330088002,91624.29379
530330088003,72425.37313
530330089001,118202.8754
530330089002,132959.6413
530330089003,93056.04203
530330089004,99975.90361
530330090001,76682.34443
530330090002,52564.22455
530330091001,42004.08998
530330091002,44839.05579
530330092001,39822.54697
530330092002,46465.85052
530330093001,69395.6044
530330093002,169479.8658
530330093003,97747.31183
530330094001,44182.33083
530330094002,83190.32258
530330094003,49677.00258
530330094004,73902.64026
530330094005,60806.60377
530330095001,144939.7163
530330095002,82725.65923
530330095003,175476.4344
530330095004,93837.9397
530330096001,137219.7309
530330096002,70669.82409
530330096003,133852.459
530330096004,84162.94643
530330096005,139024.0453
530330097011,104397.5283
530330097012,81167.95367
530330097013,102484.6626
530330097014,144646.4968
530330097021,130723.3503
530330097022,128653.3505
530330097023,98550.34722
530330097024,117662.7604
530330097025,113262.7119
530330098001,123826.0456
530330098002,121923.7288
530330098003,124538.0435
530330098004,99134.05797
530330098005,64247.75449
530330099001,99741.21996
530330099002,90179.5393
530330099003,74958.23389
530330099004,95228.19473
530330100011,94590.27778
530330100012,96319.07308
530330100013,60288.94472
530330100021,81451.40665
530330100022,70000
530330100023,123422.2561
530330100024,70958.90411
530330101001,151924.7312
530330101002,87187.5
530330101003,86031.5534
530330101004,71982.50729
530330101005,89884.51935
530330102001,112567.3401
530330102002,127255.6818
530330102003,78538.25137
530330102004,98789.84064
530330103001,82693.62187
530330103002,71617.04312
530330103003,51492.64706
530330103004,58041.40127
530330103005,80943.68812
530330104011,92950.5814
530330104012,68568.77323
530330104013,84075.14451
530330104021,101631.3559
530330104022,86674.5283
530330104023,82350.13624
530330104024,97363.0137
530330105001,65334.33134
530330105002,100917.0472
530330105003,119984.8178
530330105004,61753.24675
530330105005,86733.60107
530330106001,163777.4295
530330106002,81910.6814
530330106003,90766.97128
530330106004,103993.5065
530330106005,112160.5375
530330106006,87027.47253
530330107011,56988.93572
530330107012,93086.09959
530330107021,105843.6853
530330107022,48461.87943
530330107023,49120.8134
530330108001,88023.25581
530330108002,85572.70916
530330108003,84682.59629
530330109001,55959.38375
530330109002,54791.66667
530330110011,63075.44757
530330110012,35685.89744
530330110013,49149.24506
530330110021,69015.41096
530330110022,50227.27273
530330110023,77409.47075
530330111011,41280.63725
530330111012,61099.29078
530330111013,75083.08157
530330111014,91380.68182
530330111021,120943.8776
530330111022,67979.21478
530330111023,49112.90323
530330111024,89947.1831
530330112001,47565.21739
530330112002,53538.87399
530330112003,56120.12987
530330113001,55864.13043
530330113002,85035.61254
530330113003,67594.50172
530330113004,79348.24903
530330113005,88236.71498
530330114011,52733.38608
530330114012,60449.89775
530330114013,83038.59964
530330114021,65518.78354
530330114022,55839.38294
530330114023,53071.89542
530330115001,95651.96998
530330115002,101009.539
530330115003,90070.24266
530330116001,112150.8621
530330116002,126763.3517
530330116003,134265.6766
530330116004,120309.2105
530330116005,162528.9352
530330116006,110218.1208
530330117001,46781.67421
530330117002,65639.81043
530330117003,87107.07269
530330117004,86651.37615
530330118001,104556.5553
530330118002,121084.5588
530330118003,73035.11706
530330118004,38719.70921
530330118005,53070.4698
530330118006,31765.87302
530330119001,99876.39553
530330119002,79593.45794
530330119003,69956.04396
530330119004,55080.64516
530330119005,84757.88288
530330120001,74372.52964
530330120002,105389.3905
530330120003,120576.9231
530330121001,153621.7304
530330121002,124735.2941
530330201001,91782.86853
530330201002,115222.6463
530330201003,154875.3463
530330202001,98620.25316
530330202002,75158.17223
530330202003,61612.67606
530330202004,103840.8521
530330202005,127128.5377
530330203001,65717.02454
530330203002,83976.13065
530330203003,75432.92683
530330203004,96797.75281
530330203005,47348.34123
530330204011,65954.3179
530330204012,113530.7692
530330204013,86083.33333
530330204021,75969.12521
530330204022,113229.3869
530330204023,61601.42349
530330204024,142271.4286
530330204025,68287.54579
530330205001,56217.3913
530330205002,70218.21632
530330205003,87742.13075
530330205004,79940.94488
530330205005,70276.24309
530330205006,88154.95208
530330206001,132319.5876
530330206002,79208.86076
530330206003,86598.63946
530330206004,84032.25806
530330207001,66242.85714
530330207002,61014.23488
530330207003,75981.70732
530330208001,67822.58065
530330208002,108179.8715
530330208003,145127.4788
530330208004,136047.9042
530330209001,78143.10051
530330209002,86186.34259
530330209003,134256.0322
530330210001,99115.75563
530330210002,116457.2193
530330210003,71971.64948
530330210004,73932.80632
530330210005,92783.95062
530330211001,95182.72425
530330211002,99077.90927
530330211003,47723.8806
530330211004,0
530330213001,108994.3343
530330213002,76005.91716
530330213003,81181.17229
530330214001,106597.2222
530330214002,122803.0303
530330214003,140149.7934
530330215001,138735.119
530330215002,118445.9459
530330215003,147354.1667
530330215004,122523.9808
530330216001,107811.3027
530330216002,75500
530330216003,117974.8603
530330216004,138959.0164
530330217001,72366.80328
530330217002,130952.2059
530330217003,115552.3256
530330217004,55421.45594
530330217005,84581.94906
530330218021,105161.7076
530330218022,85415.3269
530330218023,131250
530330218031,84082.03125
530330218032,89024.39024
530330218033,69343.69603
530330218034,120059.2105
530330218041,108446.8439
530330218042,76537.19008
530330218043,88949.77169
530330219031,70636.61202
530330219032,104838.9175
530330219033,108274.9077
530330219034,78313.60947
530330219035,93068.72038
530330219041,101310.7203
530330219042,131379.9283
530330219043,102296.2963
530330219044,134057.2626
530330219051,94014.57541
530330219052,120355.6034
530330219053,110731.5891
530330219054,87944.96487
530330219061,137817.1642
530330219062,108037.5427
530330219063,71525.8216
530330220011,107820.7739
530330220012,80277.32128
530330220013,126788.7473
530330220031,104673.913
530330220032,99757.57576
530330220033,97675.4386
530330220034,88314.87342
530330220035,68895.70552
530330220051,105526.7062
530330220052,104653.6524
530330220053,81878.22165
530330220061,133903.9855
530330220062,105469.0265
530330220063,58876.50086
530330221011,108985.4369
530330221012,161119.5055
530330221013,101564.1026
530330221014,119882.1549
530330221021,117179.2619
530330221022,111770.4626
530330221023,95206.71835
530330221024,123227.459
530330222011,92362.15539
530330222012,88109.319
530330222013,77256.6064
530330222014,111947.9495
530330222021,138935.3612
530330222022,93387.21805
530330222023,114512.7953
530330222024,104252.3923
530330222025,91464.5602
530330222031,154164.4114
530330222032,140394.1441
530330222033,135505.4945
530330223001,141672.2408
530330223002,162500
530330224001,130543.2243
530330224002,131771.6942
530330224003,154807.6923
530330224004,126213.034
530330224005,154405.0343
530330224006,178131.4168
530330225001,128247.5728
530330225002,162409.3904
530330225003,94971.31148
530330225004,117580.1448
530330225005,112271.2418
530330226031,70315.18625
530330226032,146122.807
530330226033,117670.6037
530330226034,135494.7917
530330226035,101380.3419
530330226041,126017.1569
530330226042,104729.5082
530330226043,130194.5525
530330226051,89973.23818
530330226052,103179.8986
530330226053,85339.39394
530330226061,145045.045
530330226062,77804.62185
530330226063,137680.5778
530330226064,155939.5973
530330227011,116951.2195
530330227012,124185.2487
530330227021,148528.9116
530330227022,138237.2654
530330227023,150760.6132
530330227031,129813.6646
530330227032,141114.2857
530330228011,115226.4079
530330228012,86347.63948
530330228013,183630.9524
530330228014,86254.57875
530330228021,119024.7411
530330228022,130367.3835
530330228023,143824.7173
530330228031,181850.4532
530330228032,153180.1661
530330228033,73455.79793
530330229011,125123.6264
530330229012,162611.1111
530330229021,155531.401
530330229022,166236.2637
530330229023,142645.6311
530330229024,120483.3333
530330229025,148178.934
530330230001,175916.8443
530330230002,112111.4865
530330230003,123676.4706
530330230004,132334.4749
530330231001,104692.7711
530330231002,98251.17371
530330231003,150989.6811
530330232011,91025.79853
530330232012,97908.16327
530330232013,100084.7458
530330232021,56329.15567
530330232022,115613.6364
530330232023,54700.67454
530330233001,120234.7243
530330233002,100955.6962
530330233003,89512.98701
530330233004,98397.4359
530330234011,100688.4058
530330234012,98156.15836
530330234013,71048.17708
530330234031,119464.8438
530330234032,124921.7119
530330234033,143877.4403
530330234041,146587.5371
530330234042,176090.1468
530330235001,135440.8602
530330235002,124497.4227
530330235003,116737.5887
530330236011,85753.18246
530330236012,89268.1962
530330236013,142609.2896
530330236031,131622.1374
530330236032,80430.10753
530330236033,141222.5877
530330236034,102413.0879
530330236041,86283.98792
530330236042,101362.9032
530330236043,96102.75689
530330236044,104641.8539
530330237001,165402.6217
530330237002,166297.1698
530330237003,97913.53383
530330238011,120475.0403
530330238012,94297.32314
530330238031,116361.6715
530330238032,106100.2102
530330238041,92480.09101
530330238042,118588.4831
530330238043,132912.6704
530330239001,90856.38298
530330239002,161925.1543
530330239003,181893.5837
530330239004,185295.4145
530330240001,124219.5767
530330240002,144336.5922
530330240003,117066.9935
530330240004,129845.4914
530330241001,203603.8961
530330241002,183826.8156
530330241003,189410.3774
530330241004,196922.1411
530330242001,192119.9143
530330242002,186483.7398
530330243001,174169.9029
530330243002,107294.2238
530330243003,179465.0424
530330243004,95172.31638
530330243005,172841.8803
530330244001,101865
530330244002,100875.4864
530330245001,196614.7215
530330245002,180870.1923
530330245003,180559.3607
530330246011,165260.6007
530330246012,190424.5283
530330246013,207652.7051
530330246021,177222.2222
530330246022,205892.8571
530330246023,232680.7229
530330247011,126989.2473
530330247012,80295.83333
530330247013,115021.3675
530330247021,152467.6259
530330247022,114751.9841
530330247023,146201.7002
530330247024,121003.8241
530330247025,129074.6124
530330248001,75753.24675
530330248002,114132.1429
530330248003,68501.92678
530330249011,118363.2597
530330249012,164740.4844
530330249013,178953.0457
530330249014,160054.7445
530330249021,106127.907
530330249022,157758.2846
530330249023,127976.7726
530330249031,178840.9091
530330249032,170644.4992
530330249033,145418.552
530330249034,172441.5205
530330250011,156028.1065
530330250012,105068.438
530330250013,118973.3179
530330250014,133333.3333
530330250031,183303.3419
530330250032,207558.9005
530330250033,119293.3007
530330250034,182916.6667
530330250035,140976.5625
530330250051,192626.3158
530330250052,80035.59693
530330250061,209172.5352
530330250062,152687.7637
530330250063,165544.5076
530330251011,61356.58915
530330251012,65129.80769
530330251013,136588.3978
530330251014,170201.4925
530330251021,104830.402
530330251022,91582.44681
530330251023,135774.2616
530330251024,85961.53846
530330252001,106647.7273
530330252002,93471.07438
530330252003,86000.98619
530330252004,76380.5483
530330252005,94796.22266
530330253011,119355.8282
530330253012,100789.4737
530330253013,66474.11128
530330253021,67283.69384
530330253022,61750
530330253023,45731.51125
530330254001,51250
530330254002,50113.76564
530330254003,78667.55793
530330254004,59526.3789
530330255001,57152.63692
530330255002,91361.9403
530330255003,70760.86957
530330256011,100046.0829
530330256012,50659.49227
530330256013,105231.7629
530330256021,103675.5583
530330256022,113344.8753
530330256023,148213.0384
530330257011,80067.42739
530330257012,79350.31185
530330257013,38951.99063
530330257014,49986.53501
530330257015,52788.33107
530330257021,104688.7352
530330257022,105222.2222
530330257023,91763.61386
530330258031,71175.88933
530330258032,58983.87097
530330258033,45869.38436
530330258041,93294.44444
530330258042,71013.51351
530330258043,95531.91489
530330258051,71804.91991
530330258052,93588.32808
530330258053,63658.23817
530330258061,117665.5251
530330258062,92821.19205
530330258063,85527.88845
530330260011,105012.9758
530330260012,110631.4879
530330260013,96549.62547
530330260014,95691.66667
530330260015,56220.76023
530330260021,44131.37424
530330260022,74369.36937
530330260023,91937.5
530330260024,83118.84669
530330261001,67426.82927
530330261002,48933.56643
530330261003,59375
530330261004,57107.94297
530330261005,55645.28594
530330262001,32027.02703
530330262002,77610.54422
530330262003,52353.78715
530330262004,62378.41945
530330263001,59740.43716
530330263002,68458.99471
530330264001,38705.78778
530330264002,38253.74532
530330264003,66488.09524
530330264004,59960.78431
530330264005,44193.54839
530330265001,37983.87097
530330265002,26519.31649
530330265003,69982.69896
530330266001,74396.55172
530330266002,78798.20051
530330267001,71930.37975
530330267002,57661.89759
530330267003,104334.9515
530330267004,111992.665
530330268011,93708.53081
530330268012,37715.00843
530330268013,42424.24242
530330268014,59679.87805
530330268021,39576.67732
530330268022,45120.08734
530330268023,60660.28226
530330268024,75842.3913
530330270001,84151.9174
530330270002,67858.36177
530330270003,76114.45783
530330271001,41875
530330271002,74680.93093
530330272001,78903.1339
530330272002,51851.14504
530330273001,63938.84892
530330273002,47101.1396
530330273003,58750
530330273004,63730.51225
530330274001,61618.42105
530330274002,90130.85399
530330274003,71184.21053
530330274004,57652.83843
530330275001,66019.678
530330275002,59666.66667
530330275003,57840.34653
530330275004,70623.2687
530330276001,81632.88288
530330276002,51386.3109
530330276003,136845.5497
530330277011,67495.7265
530330277012,98405.7971
530330277013,100908.3045
530330277014,85583.4684
530330277015,84537.44493
530330277021,117790.6977
530330277022,103407.225
530330277023,109024.4932
530330277024,96220.37915
530330278001,89642.85714
530330278002,143459.7701
530330278003,115872.549
530330279001,46810.0189
530330279002,55300.42918
530330279003,57585.92471
530330279004,74271.39037
530330279005,86029.41176
530330279006,91932.23443
530330280001,58340.42553
530330280002,46827.29008
530330280003,49909.70655
530330281001,51156.97674
530330281002,54649.12281
530330282001,58304.2394
530330282002,67415.04854
530330282003,39130.64833
530330283001,106699.3088
530330283002,80386.17886
530330283003,88717.75794
530330284021,48107.47664
530330284022,63117.55952
530330284023,78205.81897
530330284024,35950.94664
530330284031,42336.55275
530330284032,31983.64888
530330284033,68734.33584
530330285001,87337.5
530330285002,81706.50096
530330285003,36793.78531
530330286001,155714.2857
530330286002,118254.9505
530330286003,155495.4442
530330286004,121775.5991
530330286005,86882.18391
530330286006,73436.853
530330287001,62173.02452
530330287002,119159.1928
530330287003,79268.73857
530330287004,82546.875
530330288011,71209.50324
530330288012,78351.25448
530330288013,60781.25
530330288021,54954.92788
530330288022,93401.46751
530330288023,46939.05817
530330288024,38035.43914
530330289011,68307.29167
530330289012,74041.9708
530330289013,87073.79135
530330289014,86583.12958
530330289021,39071.81572
530330289022,64717.53794
530330289023,27542.06731
530330289024,61756.44028
530330289025,49271.00494
530330290011,79762.2108
530330290012,77184.46602
530330290013,93675.41766
530330290014,68249.66079
530330290031,40125
530330290032,75750
530330290033,74531.52364
530330290034,51686.82796
530330290035,86507.49064
530330290041,52187.92867
530330290042,32201.70455
530330291011,77138.36478
530330291012,90555.14706
530330291021,92297.79412
530330291022,101179.7753
530330291023,62320.20548
530330292031,38161.41732
530330292032,41500
530330292041,68422.59007
530330292042,129325.7098
530330292043,101237.9421
530330292044,48043.47826
530330292051,69942.52874
530330292052,73484.53608
530330292053,64649.8494
530330292061,33082.06107
530330292062,30080.2139
530330292063,44561.93353
530330293031,88601.03627
530330293032,106846.2644
530330293033,80936.72457
530330293034,80437.60832
530330293035,80831.83453
530330293041,107633.833
530330293042,133553.7634
530330293043,85530.85299
530330293044,116644.385
530330293051,115545.7746
530330293052,58500
530330293053,73750
530330293054,116812.9771
530330293061,69663.02953
530330293062,106911.1349
530330293071,86419.14191
530330293072,104878.0488
530330293073,108553.8117
530330294031,74020.73733
530330294032,115600.5587
530330294033,75574.88208
530330294051,110498.6339
530330294052,87253.74732
530330294053,96147.85992
530330294054,88284.13284
530330294055,113094.2029
530330294061,98110.23622
530330294062,111412.4738
530330294071,61984.89011
530330294072,57091.96891
530330294073,66632.12435
530330294081,58019.39058
530330294082,71970.93023
530330294083,42016.62562
530330295021,79740.91521
530330295022,85005.73394
530330295023,87016.12903
530330295024,123032.7869
530330295031,99553.57143
530330295032,48657.20524
530330295033,44382.8125
530330295034,55925.19685
530330295035,40410.73739
530330295041,51816.98774
530330295042,49948.30133
530330295043,64832.79396
530330296011,81299.50495
530330296012,88356.26911
530330296013,49244.18605
530330296014,88737.02422
530330296015,86913.31924
530330296021,106688.1443
530330296022,114599.3228
530330296023,115766.7824
530330297001,60075.12521
530330297002,86044.25466
530330297003,64163.22314
530330297004,31069.58763
530330297005,75669.21606
530330298011,126067.8392
530330298012,86523.49486
530330298013,63222.77228
530330298014,112320.3285
530330298015,64360.85973
530330298021,118952.8796
530330298022,82066.66667
530330298023,72240.71703
530330298024,74673.91304
530330298025,85613.11787
530330298026,132563.2378
530330299011,87067.22689
530330299012,85198.79518
530330299013,70854.94327
530330299021,97123.78641
530330299022,94184.65228
530330299023,110641.5241
530330300031,120554.9199
530330300032,89742.53731
530330300033,63072.1831
530330300034,91494.04762
530330300035,47356.59656
530330300041,75932.64249
530330300042,48506.63717
530330300043,48116.43836
530330300044,83662.7907
530330300045,37793.36735
530330300046,37776.26812
530330300051,51062.15213
530330300052,81256.78119
530330300053,48894.23077
530330300061,56362.2449
530330300062,35390.625
530330301001,142652.9052
530330301002,111279.3427
530330301003,100173.0419
530330301004,112921.4286
530330301005,43874.09201
530330301006,116917.5258
530330301007,153055.5556
530330302011,74903.84615
530330302012,49547.51131
530330302013,61930.32015
530330302014,77077.65668
530330302021,62018.58108
530330302022,69558.82353
530330302023,67224.08027
530330302024,59022.34637
530330302025,46879.19463
530330303041,108736.2637
530330303042,93674.00419
530330303051,71749.39467
530330303052,73260.08646
530330303053,101347.1503
530330303061,110758.3682
530330303062,122550
530330303063,90880.82902
530330303064,93998.75622
530330303081,99469.11197
530330303082,65800
530330303083,108879.4821
530330303084,64752.16853
530330303091,125319.4103
530330303092,52905.00736
530330303093,55693.43066
530330303094,85649.43253
530330303101,87439.65517
530330303102,105345.092
530330303103,106798.2456
530330303104,63877.66554
530330303111,105123.6979
530330303112,56914.0625
530330303113,77354.52586
530330303114,77399.66555
530330303121,53795.23026
530330303122,64720.67039
530330303123,78541.66667
530330303124,111674.1071
530330303131,37613.63636
530330303132,57125.98425
530330303141,48794.88575
530330303142,72472.06704
530330303143,43183.59375
530330304011,69169.75309
530330304012,71002.28659
530330304013,92704.58265
530330304014,105272.8285
530330304015,78583.18099
530330304031,67853.46097
530330304032,104384.715
530330304033,120281.5126
530330304041,97626.6766
530330304042,85084.84163
530330304043,86735.66879
530330305011,44836.81462
530330305012,30848.70849
530330305031,43997.26776
530330305032,68418.71296
530330305041,46253.62319
530330305042,71776.31579
530330305043,55780.05115
530330305044,61043.24734
530330306001,59328.08717
530330306002,61151.78571
530330306003,65574.76636
530330306004,62794.11765
530330307001,54583.33333
530330307002,50028.79079
530330307003,59672.48908
530330308011,39187.3805
530330308012,36077.20588
530330308013,52054.28067
530330308021,50537.0844
530330308022,63602.51451
530330308023,60237.55656
530330309011,65257.46269
530330309012,68380.95238
530330309021,58814.21744
530330309022,73725.91006
530330309023,59672.31222
530330310001,119988.3586
530330310002,112217.6685
530330311001,59021.73913
530330311002,92647.32965
530330311003,65365.58346
530330311004,45043.77432
530330311005,56119.50549
530330312021,115586.6808
530330312022,72953.17221
530330312023,130562.645
530330312024,127812.5
530330312025,58100.43668
530330312041,97393.36493
530330312042,155529.9539
530330312043,97901.87891
530330312044,87903.45821
530330312045,104793.3071
530330312051,82269.44444
530330312052,85637.05234
530330312053,120017.6991
530330312061,64793.57798
530330312062,94794.68599
530330312063,65711.56773
530330313011,89871.66324
530330313012,98423.23651
530330313021,110073.9247
530330313022,90429.6875
530330313023,56302.74262
530330313024,57125.29274
530330314001,53812.99735
530330314002,60504.45104
530330314003,77400.39841
530330314004,65638.18565
530330314005,73248.0315
530330315011,107142.0455
530330315012,105826.4463
530330315013,86626.21359
530330315021,101804.7035
530330315022,81745.64797
530330315023,89897.82016
530330316011,122493.4297
530330316012,118567.6393
530330316013,80106.49087
530330316031,110777.4674
530330316032,80495.16908
530330316033,72271.91413
530330316034,168593.4744
530330316041,118001.5512
530330316042,106552.0446
530330316043,99786.12167
530330316051,113300.9709
530330316052,91475.22523
530330316053,111844.473
530330317031,124731.405
530330317032,96686.42241
530330317033,73835.4531
530330317034,79853.24948
530330317035,138018.9394
530330317041,103996.5197
530330317042,97337.7193
530330317043,97298.15864
530330317051,142258.4856
530330317052,121113.7441
530330317053,114519.4384
530330317061,108073.2044
530330317062,50934.37152
530330317063,117122.4256
530330317064,110030.3951
530330318001,115750.7082
530330318002,115819.8381
530330318003,121698.7179
530330319031,107686.4536
530330319032,102034.687
530330319033,107981.2834
530330319034,111086.3874
530330319035,103582.6772
530330319041,115037.8788
530330319042,95811.47541
530330319043,91156.97674
530330319061,116590.5097
530330319062,146675.7246
530330319071,99325.61308
530330319072,93278.38828
530330319073,98564.61864
530330319074,135433.5793
530330319075,120826.9231
530330319081,86529.58153
530330319082,76502.7137
530330319083,76911.15702
530330319091,105928.1843
530330319092,136895.1613
530330320021,109649.4607
530330320022,96103.44828
530330320031,134012.0275
530330320032,93101.6791
530330320033,110720.339
530330320034,87063.82979
530330320051,75931.87661
530330320052,97445.45455
530330320053,58986.01399
530330320054,111348.6842
530330320055,83466.71949
530330320056,124136.6906
530330320061,87266.74641
530330320062,84697.14286
530330320063,139172.4739
530330320071,135662.2517
530330320072,124046.2963
530330320073,79136.74033
530330320081,127794.1176
530330320082,80735.78595
530330320083,101569.4789
530330320101,69020.75812
530330320102,128491.9725
530330320103,147779.5031
530330320104,103164.0625
530330320111,125779.4308
530330320112,134708.2019
530330321021,141913.9785
530330321022,119166.6667
530330321023,94779.67626
530330321024,141025.3906
530330321031,108053.2787
530330321032,110998.8038
530330321033,62131.5427
530330321034,122164.751
530330321041,157581.8182
530330321042,100349.4624
530330321043,72940.36061
530330322031,121548.913
530330322032,118130.1653
530330322033,200262.0761
530330322034,153438.755
530330322071,180649.6063
530330322072,172096.519
530330322073,150258.8106
530330322081,117060.8629
530330322082,47374.79132
530330322083,95123.51327
530330322084,118321.7593
530330322085,153448.8837
530330322101,172420.8566
530330322102,154752.1127
530330322103,124412.1847
530330322111,127011.2179
530330322112,154987.785
530330322113,138137.6518
530330322121,146518.4964
530330322122,185056.6572
530330322123,193020.8333
530330322124,115294
530330322131,133082.2785
530330322132,194540.0593
530330322133,177531.5126
530330322141,199025.7353
530330322142,149767.6471
530330322143,177062.2896
530330322151,199408.4629
530330322152,210199.0899
530330323071,149184.0278
530330323072,140467.033
530330323073,116896.2433
530330323074,199950.6579
530330323075,90260.69519
530330323091,95928.14371
530330323092,100703.3639
530330323093,156038.0349
530330323111,179468.3544
530330323112,150489.4737
530330323113,144659.4684
530330323114,169867.4242
530330323115,155300.9259
530330323131,161694.9153
530330323132,112983.1144
530330323133,221435.743
530330323134,92685.66176
530330323151,160233.4152
530330323152,138207.7206
530330323153,153374.1554
530330323161,191669.5205
530330323162,170286.6541
530330323163,207292.3453
530330323164,179682.1516
530330323171,184345.4724
530330323172,163820.1161
530330323173,118386.7521
530330323174,140467.128
530330323175,179113.5734
530330323181,173217.3601
530330323182,152265.1934
530330323183,183432.0557
530330323184,167358.4071
530330323191,178534.4828
530330323192,143869.863
530330323193,66434.85005
530330323194,57083.33333
530330323201,191293.8596
530330323202,161475.9615
530330323203,182024.8288
530330323211,200708.1911
530330323212,156672.7053
530330323213,228131.3559
530330323214,222301.6827
530330323221,176543.943
530330323222,168867.1875
530330323223,161272.4551
530330323231,126309.5238
530330323232,117575.188
530330323233,213470.2259
530330323234,157995.0495
530330323241,82095.2381
530330323242,126798.913
530330323243,87642.32009
530330323244,145833.3333
530330323251,222689.0756
530330323252,104091.4867
530330323253,122153.9855
530330323261,198796.4876
530330323262,126109.3502
530330323263,206517.2956
530330323271,124740.8175
530330323272,194095.0226
530330323281,140048.0769
530330323282,133407.0122
530330323283,169930.0254
530330323291,179515.9967
530330323292,143800.7901
530330324011,78613.10592
530330324012,127666.9255
530330324013,130071.4286
530330324014,111509.2166
530330324021,129278.169
530330324022,125593.8416
530330324023,158135.9223
530330324024,71988.81789
530330325001,152347.0588
530330325002,142341.0175
530330325003,68775.65982
530330325004,111409.396
530330326011,85130.3681
530330326012,114825.4364
530330326021,147273.1755
530330326022,129094.5946
530330326023,135843.9716
530330326024,174243.5038
530330327021,122230.6397
530330327022,116563.1263
530330327023,122458.4323
530330327024,80115.17615
530330327025,139210.2273
530330327026,131272.5632
530330327031,100830.292
530330327032,77122.3565
530330327041,124819.5084
530330327042,109751.5773
530330327043,85739.24731
530330327044,42838.98305
530330328001,106259.6899
530330328002,142351.1905
530330328003,46138.29787
530339901000,0
